rule,ref,kind,thr,reentry,cooldown,years,mean_per_yr,min_yr,max_yr,zero_years
prev_close|2xvol|-,prev_close,vol,2.0,-,0,20,8.85,4.0,15.0,0
high_5d|0.50%|C20,high_5d,fixed,0.005,C20,20,20,11.95,11.0,13.0,0
high_5d|0.75%|C20,high_5d,fixed,0.008,C20,20,20,11.3,9.0,12.0,0
high_5d|1.00%|C20,high_5d,fixed,0.01,C20,20,20,10.85,8.0,13.0,0
high_5d|1.25%|C20,high_5d,fixed,0.012,C20,20,20,10.25,7.0,12.0,0
high_5d|1.50%|C20,high_5d,fixed,0.015,C20,20,20,9.4,7.0,12.0,0
high_5d|2.00%|C20,high_5d,fixed,0.02,C20,20,20,8.1,5.0,11.0,0
high_5d|2.50%|A,high_5d,fixed,0.025,A,0,20,10.1,4.0,17.0,0
high_5d|3.00%|A,high_5d,fixed,0.03,A,0,20,8.35,2.0,15.0,0
high_5d|3.00%|C5,high_5d,fixed,0.03,C5,5,20,11.8,2.0,28.0,0
high_5d|1xvol|C20,high_5d,vol,1.0,C20,20,20,10.9,10.0,12.0,0
high_5d|1.5xvol|C20,high_5d,vol,1.5,C20,20,20,9.85,7.0,11.0,0
high_5d|2xvol|C20,high_5d,vol,2.0,C20,20,20,9.0,7.0,11.0,0
high_5d|2.5xvol|A,high_5d,vol,2.5,A,0,20,10.2,6.0,13.0,0
high_5d|3xvol|A,high_5d,vol,3.0,A,0,20,8.0,6.0,12.0,0
high_5d|3xvol|C5,high_5d,vol,3.0,C5,5,20,10.5,7.0,16.0,0
high_10d|0.50%|C20,high_10d,fixed,0.005,C20,20,20,12.0,11.0,13.0,0
high_10d|0.75%|C20,high_10d,fixed,0.008,C20,20,20,11.65,9.0,13.0,0
high_10d|1.00%|C20,high_10d,fixed,0.01,C20,20,20,11.2,8.0,12.0,0
high_10d|1.25%|C20,high_10d,fixed,0.012,C20,20,20,10.9,8.0,12.0,0
high_10d|1.50%|C20,high_10d,fixed,0.015,C20,20,20,10.1,7.0,12.0,0
high_10d|2.00%|A,high_10d,fixed,0.02,A,0,20,9.9,6.0,16.0,0
high_10d|2.00%|C20,high_10d,fixed,0.02,C20,20,20,8.85,6.0,12.0,0
high_10d|2.50%|A,high_10d,fixed,0.025,A,0,20,8.8,5.0,16.0,0
high_10d|2.50%|C20,high_10d,fixed,0.025,C20,20,20,8.1,5.0,11.0,0
high_10d|1xvol|C20,high_10d,vol,1.0,C20,20,20,11.3,10.0,12.0,0
high_10d|1.5xvol|C20,high_10d,vol,1.5,C20,20,20,10.7,9.0,12.0,0
high_10d|2xvol|A,high_10d,vol,2.0,A,0,20,10.9,7.0,16.0,0
high_10d|2xvol|C20,high_10d,vol,2.0,C20,20,20,9.6,8.0,11.0,0
high_10d|2.5xvol|A,high_10d,vol,2.5,A,0,20,8.85,6.0,13.0,0
high_10d|2.5xvol|C20,high_10d,vol,2.5,C20,20,20,8.4,7.0,11.0,0
high_20d|0.75%|C20,high_20d,fixed,0.008,C20,20,20,11.8,9.0,13.0,0
high_20d|1.00%|A,high_20d,fixed,0.01,A,0,20,11.25,5.0,17.0,0
high_20d|1.00%|C20,high_20d,fixed,0.01,C20,20,20,11.45,8.0,12.0,0
high_20d|1.25%|A,high_20d,fixed,0.012,A,0,20,9.95,5.0,16.0,0
high_20d|1.25%|C20,high_20d,fixed,0.012,C20,20,20,11.15,8.0,12.0,0
high_20d|1.50%|A,high_20d,fixed,0.015,A,0,20,8.75,4.0,15.0,0
high_20d|1.50%|C20,high_20d,fixed,0.015,C20,20,20,10.35,7.0,12.0,0
high_20d|2.00%|C20,high_20d,fixed,0.02,C20,20,20,9.15,6.0,12.0,0
high_20d|2.50%|C20,high_20d,fixed,0.025,C20,20,20,8.45,6.0,11.0,0
high_20d|3.00%|B,high_20d,fixed,0.03,B,0,20,11.1,4.0,24.0,0
high_20d|1xvol|A,high_20d,vol,1.0,A,0,20,11.6,7.0,18.0,0
high_20d|1xvol|C20,high_20d,vol,1.0,C20,20,20,11.55,10.0,13.0,0
high_20d|1.5xvol|A,high_20d,vol,1.5,A,0,20,9.65,6.0,15.0,0
high_20d|1.5xvol|C20,high_20d,vol,1.5,C20,20,20,10.9,9.0,12.0,0
high_20d|2xvol|A,high_20d,vol,2.0,A,0,20,8.2,5.0,15.0,0
high_20d|2xvol|C20,high_20d,vol,2.0,C20,20,20,10.35,8.0,12.0,0
high_20d|2.5xvol|C20,high_20d,vol,2.5,C20,20,20,9.15,7.0,11.0,0
high_20d|3xvol|C20,high_20d,vol,3.0,C20,20,20,8.25,6.0,11.0,0
high_50d|0.50%|A,high_50d,fixed,0.005,A,0,19,9.684,3.0,18.0,0
high_50d|0.75%|A,high_50d,fixed,0.008,A,0,19,8.263,3.0,16.0,0
high_50d|0.75%|C20,high_50d,fixed,0.008,C20,20,19,11.947,10.0,13.0,0
high_50d|1.00%|C20,high_50d,fixed,0.01,C20,20,19,11.789,9.0,13.0,0
high_50d|1.25%|C20,high_50d,fixed,0.012,C20,20,19,11.421,8.0,12.0,0
high_50d|1.50%|C20,high_50d,fixed,0.015,C20,20,19,11.0,7.0,12.0,0
high_50d|2.00%|B,high_50d,fixed,0.02,B,0,19,10.526,6.0,20.0,0
high_50d|2.00%|C20,high_50d,fixed,0.02,C20,20,19,10.053,6.0,12.0,0
high_50d|2.50%|B,high_50d,fixed,0.025,B,0,19,8.632,5.0,17.0,0
high_50d|2.50%|C20,high_50d,fixed,0.025,C20,20,19,9.526,6.0,12.0,0
high_50d|3.00%|C20,high_50d,fixed,0.03,C20,20,19,8.737,5.0,12.0,0
high_50d|1xvol|C20,high_50d,vol,1.0,C20,20,19,11.947,10.0,13.0,0
high_50d|1.5xvol|C20,high_50d,vol,1.5,C20,20,19,11.474,10.0,13.0,0
high_50d|2xvol|C20,high_50d,vol,2.0,C20,20,19,11.053,8.0,13.0,0
high_50d|2.5xvol|B,high_50d,vol,2.5,B,0,19,11.053,7.0,17.0,0
high_50d|2.5xvol|C20,high_50d,vol,2.5,C20,20,19,10.263,7.0,12.0,0
high_50d|3xvol|B,high_50d,vol,3.0,B,0,19,9.316,6.0,14.0,0
high_50d|3xvol|C20,high_50d,vol,3.0,C20,20,19,9.368,7.0,11.0,0
