rule,ref,kind,thr,reentry,cooldown,years,mean_per_yr,min_yr,max_yr,zero_years,candidate
prev_close|0.50%|-,prev_close,fixed,0.005,-,0,20,70.2,41.0,114.0,0,False
prev_close|0.75%|-,prev_close,fixed,0.008,-,0,20,52.75,27.0,104.0,0,False
prev_close|1.00%|-,prev_close,fixed,0.01,-,0,20,39.8,16.0,89.0,0,False
prev_close|1.25%|-,prev_close,fixed,0.012,-,0,20,29.7,5.0,74.0,0,False
prev_close|1.50%|-,prev_close,fixed,0.015,-,0,20,22.75,2.0,66.0,0,False
prev_close|2.00%|-,prev_close,fixed,0.02,-,0,20,12.75,0.0,45.0,1,False
prev_close|2.50%|-,prev_close,fixed,0.025,-,0,20,7.0,0.0,30.0,2,False
prev_close|3.00%|-,prev_close,fixed,0.03,-,0,20,3.95,0.0,21.0,6,False
prev_close|4.00%|-,prev_close,fixed,0.04,-,0,20,1.8,0.0,16.0,9,False
prev_close|5.00%|-,prev_close,fixed,0.05,-,0,20,0.8,0.0,12.0,16,False
prev_close|1xvol|-,prev_close,vol,1.0,-,0,20,37.35,30.0,49.0,0,False
prev_close|1.5xvol|-,prev_close,vol,1.5,-,0,20,19.05,13.0,26.0,0,False
prev_close|2xvol|-,prev_close,vol,2.0,-,0,20,8.85,4.0,15.0,0,True
prev_close|2.5xvol|-,prev_close,vol,2.5,-,0,20,4.15,1.0,9.0,0,False
prev_close|3xvol|-,prev_close,vol,3.0,-,0,20,2.15,0.0,4.0,1,False
high_5d|0.50%|A,high_5d,fixed,0.005,A,0,20,25.1,20.0,31.0,0,False
high_5d|0.50%|B,high_5d,fixed,0.005,B,0,20,84.9,58.0,111.0,0,False
high_5d|0.50%|C5,high_5d,fixed,0.005,C5,5,20,38.4,29.0,47.0,0,False
high_5d|0.50%|C20,high_5d,fixed,0.005,C20,20,20,11.95,11.0,13.0,0,True
high_5d|0.75%|A,high_5d,fixed,0.008,A,0,20,22.05,16.0,27.0,0,False
high_5d|0.75%|B,high_5d,fixed,0.008,B,0,20,65.95,40.0,90.0,0,False
high_5d|0.75%|C5,high_5d,fixed,0.008,C5,5,20,34.8,27.0,44.0,0,False
high_5d|0.75%|C20,high_5d,fixed,0.008,C20,20,20,11.3,9.0,12.0,0,True
high_5d|1.00%|A,high_5d,fixed,0.01,A,0,20,20.0,13.0,24.0,0,False
high_5d|1.00%|B,high_5d,fixed,0.01,B,0,20,53.5,29.0,81.0,0,False
high_5d|1.00%|C5,high_5d,fixed,0.01,C5,5,20,31.1,21.0,44.0,0,False
high_5d|1.00%|C20,high_5d,fixed,0.01,C20,20,20,10.85,8.0,13.0,0,True
high_5d|1.25%|A,high_5d,fixed,0.012,A,0,20,17.4,12.0,23.0,0,False
high_5d|1.25%|B,high_5d,fixed,0.012,B,0,20,43.5,22.0,72.0,0,False
high_5d|1.25%|C5,high_5d,fixed,0.012,C5,5,20,27.35,15.0,44.0,0,False
high_5d|1.25%|C20,high_5d,fixed,0.012,C20,20,20,10.25,7.0,12.0,0,True
high_5d|1.50%|A,high_5d,fixed,0.015,A,0,20,15.55,9.0,23.0,0,False
high_5d|1.50%|B,high_5d,fixed,0.015,B,0,20,36.35,16.0,65.0,0,False
high_5d|1.50%|C5,high_5d,fixed,0.015,C5,5,20,24.35,13.0,41.0,0,False
high_5d|1.50%|C20,high_5d,fixed,0.015,C20,20,20,9.4,7.0,12.0,0,True
high_5d|2.00%|A,high_5d,fixed,0.02,A,0,20,12.4,6.0,20.0,0,False
high_5d|2.00%|B,high_5d,fixed,0.02,B,0,20,25.5,9.0,57.0,0,False
high_5d|2.00%|C5,high_5d,fixed,0.02,C5,5,20,18.85,9.0,38.0,0,False
high_5d|2.00%|C20,high_5d,fixed,0.02,C20,20,20,8.1,5.0,11.0,0,True
high_5d|2.50%|A,high_5d,fixed,0.025,A,0,20,10.1,4.0,17.0,0,True
high_5d|2.50%|B,high_5d,fixed,0.025,B,0,20,19.3,5.0,45.0,0,False
high_5d|2.50%|C5,high_5d,fixed,0.025,C5,5,20,14.65,5.0,34.0,0,False
high_5d|2.50%|C20,high_5d,fixed,0.025,C20,20,20,7.15,4.0,11.0,0,False
high_5d|3.00%|A,high_5d,fixed,0.03,A,0,20,8.35,2.0,15.0,0,True
high_5d|3.00%|B,high_5d,fixed,0.03,B,0,20,14.1,2.0,36.0,0,False
high_5d|3.00%|C5,high_5d,fixed,0.03,C5,5,20,11.8,2.0,28.0,0,True
high_5d|3.00%|C20,high_5d,fixed,0.03,C20,20,20,6.1,2.0,10.0,0,False
high_5d|4.00%|A,high_5d,fixed,0.04,A,0,20,5.4,0.0,12.0,1,False
high_5d|4.00%|B,high_5d,fixed,0.04,B,0,20,8.45,0.0,27.0,1,False
high_5d|4.00%|C5,high_5d,fixed,0.04,C5,5,20,7.65,0.0,25.0,1,False
high_5d|4.00%|C20,high_5d,fixed,0.04,C20,20,20,4.3,0.0,9.0,1,False
high_5d|5.00%|A,high_5d,fixed,0.05,A,0,20,3.45,0.0,11.0,5,False
high_5d|5.00%|B,high_5d,fixed,0.05,B,0,20,5.1,0.0,19.0,5,False
high_5d|5.00%|C5,high_5d,fixed,0.05,C5,5,20,4.7,0.0,20.0,5,False
high_5d|5.00%|C20,high_5d,fixed,0.05,C20,20,20,2.75,0.0,8.0,5,False
high_5d|1xvol|A,high_5d,vol,1.0,A,0,20,19.85,15.0,25.0,0,False
high_5d|1xvol|B,high_5d,vol,1.0,B,0,20,53.8,43.0,65.0,0,False
high_5d|1xvol|C5,high_5d,vol,1.0,C5,5,20,31.8,27.0,40.0,0,False
high_5d|1xvol|C20,high_5d,vol,1.0,C20,20,20,10.9,10.0,12.0,0,True
high_5d|1.5xvol|A,high_5d,vol,1.5,A,0,20,16.3,10.0,20.0,0,False
high_5d|1.5xvol|B,high_5d,vol,1.5,B,0,20,36.45,30.0,43.0,0,False
high_5d|1.5xvol|C5,high_5d,vol,1.5,C5,5,20,25.3,21.0,34.0,0,False
high_5d|1.5xvol|C20,high_5d,vol,1.5,C20,20,20,9.85,7.0,11.0,0,True
high_5d|2xvol|A,high_5d,vol,2.0,A,0,20,13.55,10.0,18.0,0,False
high_5d|2xvol|B,high_5d,vol,2.0,B,0,20,26.7,20.0,33.0,0,False
high_5d|2xvol|C5,high_5d,vol,2.0,C5,5,20,19.85,16.0,29.0,0,False
high_5d|2xvol|C20,high_5d,vol,2.0,C20,20,20,9.0,7.0,11.0,0,True
high_5d|2.5xvol|A,high_5d,vol,2.5,A,0,20,10.2,6.0,13.0,0,True
high_5d|2.5xvol|B,high_5d,vol,2.5,B,0,20,18.4,12.0,25.0,0,False
high_5d|2.5xvol|C5,high_5d,vol,2.5,C5,5,20,13.9,11.0,22.0,0,False
high_5d|2.5xvol|C20,high_5d,vol,2.5,C20,20,20,7.65,5.0,10.0,0,False
high_5d|3xvol|A,high_5d,vol,3.0,A,0,20,8.0,6.0,12.0,0,True
high_5d|3xvol|B,high_5d,vol,3.0,B,0,20,13.75,9.0,19.0,0,False
high_5d|3xvol|C5,high_5d,vol,3.0,C5,5,20,10.5,7.0,16.0,0,True
high_5d|3xvol|C20,high_5d,vol,3.0,C20,20,20,6.55,4.0,9.0,0,False
high_10d|0.50%|A,high_10d,fixed,0.005,A,0,20,19.3,15.0,24.0,0,False
high_10d|0.50%|B,high_10d,fixed,0.005,B,0,20,65.9,46.0,93.0,0,False
high_10d|0.50%|C5,high_10d,fixed,0.005,C5,5,20,41.5,32.0,48.0,0,False
high_10d|0.50%|C20,high_10d,fixed,0.005,C20,20,20,12.0,11.0,13.0,0,True
high_10d|0.75%|A,high_10d,fixed,0.008,A,0,20,17.1,13.0,22.0,0,False
high_10d|0.75%|B,high_10d,fixed,0.008,B,0,20,52.1,34.0,79.0,0,False
high_10d|0.75%|C5,high_10d,fixed,0.008,C5,5,20,38.25,27.0,47.0,0,False
high_10d|0.75%|C20,high_10d,fixed,0.008,C20,20,20,11.65,9.0,13.0,0,True
high_10d|1.00%|A,high_10d,fixed,0.01,A,0,20,15.5,10.0,21.0,0,False
high_10d|1.00%|B,high_10d,fixed,0.01,B,0,20,42.55,25.0,65.0,0,False
high_10d|1.00%|C5,high_10d,fixed,0.01,C5,5,20,35.2,25.0,46.0,0,False
high_10d|1.00%|C20,high_10d,fixed,0.01,C20,20,20,11.2,8.0,12.0,0,True
high_10d|1.25%|A,high_10d,fixed,0.012,A,0,20,13.55,9.0,20.0,0,False
high_10d|1.25%|B,high_10d,fixed,0.012,B,0,20,35.15,19.0,61.0,0,False
high_10d|1.25%|C5,high_10d,fixed,0.012,C5,5,20,31.7,19.0,45.0,0,False
high_10d|1.25%|C20,high_10d,fixed,0.012,C20,20,20,10.9,8.0,12.0,0,True
high_10d|1.50%|A,high_10d,fixed,0.015,A,0,20,12.25,8.0,19.0,0,False
high_10d|1.50%|B,high_10d,fixed,0.015,B,0,20,30.15,16.0,54.0,0,False
high_10d|1.50%|C5,high_10d,fixed,0.015,C5,5,20,28.75,16.0,44.0,0,False
high_10d|1.50%|C20,high_10d,fixed,0.015,C20,20,20,10.1,7.0,12.0,0,True
high_10d|2.00%|A,high_10d,fixed,0.02,A,0,20,9.9,6.0,16.0,0,True
high_10d|2.00%|B,high_10d,fixed,0.02,B,0,20,21.55,8.0,45.0,0,False
high_10d|2.00%|C5,high_10d,fixed,0.02,C5,5,20,23.45,12.0,41.0,0,False
high_10d|2.00%|C20,high_10d,fixed,0.02,C20,20,20,8.85,6.0,12.0,0,True
high_10d|2.50%|A,high_10d,fixed,0.025,A,0,20,8.8,5.0,16.0,0,True
high_10d|2.50%|B,high_10d,fixed,0.025,B,0,20,17.35,7.0,44.0,0,False
high_10d|2.50%|C5,high_10d,fixed,0.025,C5,5,20,20.1,9.0,38.0,0,False
high_10d|2.50%|C20,high_10d,fixed,0.025,C20,20,20,8.1,5.0,11.0,0,True
high_10d|3.00%|A,high_10d,fixed,0.03,A,0,20,7.45,4.0,14.0,0,False
high_10d|3.00%|B,high_10d,fixed,0.03,B,0,20,13.55,4.0,34.0,0,False
high_10d|3.00%|C5,high_10d,fixed,0.03,C5,5,20,16.9,5.0,36.0,0,False
high_10d|3.00%|C20,high_10d,fixed,0.03,C20,20,20,7.15,4.0,11.0,0,False
high_10d|4.00%|A,high_10d,fixed,0.04,A,0,20,5.05,1.0,9.0,0,False
high_10d|4.00%|B,high_10d,fixed,0.04,B,0,20,8.6,1.0,27.0,0,False
high_10d|4.00%|C5,high_10d,fixed,0.04,C5,5,20,11.55,1.0,30.0,0,False
high_10d|4.00%|C20,high_10d,fixed,0.04,C20,20,20,5.2,1.0,9.0,0,False
high_10d|5.00%|A,high_10d,fixed,0.05,A,0,20,3.75,0.0,9.0,2,False
high_10d|5.00%|B,high_10d,fixed,0.05,B,0,20,6.0,0.0,21.0,2,False
high_10d|5.00%|C5,high_10d,fixed,0.05,C5,5,20,8.25,0.0,28.0,2,False
high_10d|5.00%|C20,high_10d,fixed,0.05,C20,20,20,4.0,0.0,9.0,2,False
high_10d|1xvol|A,high_10d,vol,1.0,A,0,20,15.7,10.0,22.0,0,False
high_10d|1xvol|B,high_10d,vol,1.0,B,0,20,43.9,34.0,59.0,0,False
high_10d|1xvol|C5,high_10d,vol,1.0,C5,5,20,35.8,28.0,44.0,0,False
high_10d|1xvol|C20,high_10d,vol,1.0,C20,20,20,11.3,10.0,12.0,0,True
high_10d|1.5xvol|A,high_10d,vol,1.5,A,0,20,12.95,8.0,17.0,0,False
high_10d|1.5xvol|B,high_10d,vol,1.5,B,0,20,31.2,23.0,38.0,0,False
high_10d|1.5xvol|C5,high_10d,vol,1.5,C5,5,20,30.35,24.0,38.0,0,False
high_10d|1.5xvol|C20,high_10d,vol,1.5,C20,20,20,10.7,9.0,12.0,0,True
high_10d|2xvol|A,high_10d,vol,2.0,A,0,20,10.9,7.0,16.0,0,True
high_10d|2xvol|B,high_10d,vol,2.0,B,0,20,24.05,19.0,30.0,0,False
high_10d|2xvol|C5,high_10d,vol,2.0,C5,5,20,25.2,19.0,34.0,0,False
high_10d|2xvol|C20,high_10d,vol,2.0,C20,20,20,9.6,8.0,11.0,0,True
high_10d|2.5xvol|A,high_10d,vol,2.5,A,0,20,8.85,6.0,13.0,0,True
high_10d|2.5xvol|B,high_10d,vol,2.5,B,0,20,18.0,14.0,25.0,0,False
high_10d|2.5xvol|C5,high_10d,vol,2.5,C5,5,20,20.35,16.0,30.0,0,False
high_10d|2.5xvol|C20,high_10d,vol,2.5,C20,20,20,8.4,7.0,11.0,0,True
high_10d|3xvol|A,high_10d,vol,3.0,A,0,20,7.25,6.0,11.0,0,False
high_10d|3xvol|B,high_10d,vol,3.0,B,0,20,14.15,10.0,20.0,0,False
high_10d|3xvol|C5,high_10d,vol,3.0,C5,5,20,16.3,12.0,25.0,0,False
high_10d|3xvol|C20,high_10d,vol,3.0,C20,20,20,7.45,5.0,9.0,0,False
high_20d|0.50%|A,high_20d,fixed,0.005,A,0,20,14.25,10.0,20.0,0,False
high_20d|0.50%|B,high_20d,fixed,0.005,B,0,20,47.55,26.0,75.0,0,False
high_20d|0.50%|C5,high_20d,fixed,0.005,C5,5,20,43.3,35.0,48.0,0,False
high_20d|0.50%|C20,high_20d,fixed,0.005,C20,20,20,12.1,11.0,13.0,0,False
high_20d|0.75%|A,high_20d,fixed,0.008,A,0,20,12.45,7.0,18.0,0,False
high_20d|0.75%|B,high_20d,fixed,0.008,B,0,20,38.0,20.0,63.0,0,False
high_20d|0.75%|C5,high_20d,fixed,0.008,C5,5,20,41.0,30.0,48.0,0,False
high_20d|0.75%|C20,high_20d,fixed,0.008,C20,20,20,11.8,9.0,13.0,0,True
high_20d|1.00%|A,high_20d,fixed,0.01,A,0,20,11.25,5.0,17.0,0,True
high_20d|1.00%|B,high_20d,fixed,0.01,B,0,20,31.6,16.0,49.0,0,False
high_20d|1.00%|C5,high_20d,fixed,0.01,C5,5,20,38.35,28.0,47.0,0,False
high_20d|1.00%|C20,high_20d,fixed,0.01,C20,20,20,11.45,8.0,12.0,0,True
high_20d|1.25%|A,high_20d,fixed,0.012,A,0,20,9.95,5.0,16.0,0,True
high_20d|1.25%|B,high_20d,fixed,0.012,B,0,20,26.7,14.0,43.0,0,False
high_20d|1.25%|C5,high_20d,fixed,0.012,C5,5,20,35.1,23.0,47.0,0,False
high_20d|1.25%|C20,high_20d,fixed,0.012,C20,20,20,11.15,8.0,12.0,0,True
high_20d|1.50%|A,high_20d,fixed,0.015,A,0,20,8.75,4.0,15.0,0,True
high_20d|1.50%|B,high_20d,fixed,0.015,B,0,20,22.7,11.0,39.0,0,False
high_20d|1.50%|C5,high_20d,fixed,0.015,C5,5,20,33.0,21.0,46.0,0,False
high_20d|1.50%|C20,high_20d,fixed,0.015,C20,20,20,10.35,7.0,12.0,0,True
high_20d|2.00%|A,high_20d,fixed,0.02,A,0,20,7.0,4.0,12.0,0,False
high_20d|2.00%|B,high_20d,fixed,0.02,B,0,20,16.65,8.0,30.0,0,False
high_20d|2.00%|C5,high_20d,fixed,0.02,C5,5,20,28.3,15.0,44.0,0,False
high_20d|2.00%|C20,high_20d,fixed,0.02,C20,20,20,9.15,6.0,12.0,0,True
high_20d|2.50%|A,high_20d,fixed,0.025,A,0,20,6.3,3.0,11.0,0,False
high_20d|2.50%|B,high_20d,fixed,0.025,B,0,20,13.85,5.0,29.0,0,False
high_20d|2.50%|C5,high_20d,fixed,0.025,C5,5,20,24.95,13.0,42.0,0,False
high_20d|2.50%|C20,high_20d,fixed,0.025,C20,20,20,8.45,6.0,11.0,0,True
high_20d|3.00%|A,high_20d,fixed,0.03,A,0,20,5.65,3.0,11.0,0,False
high_20d|3.00%|B,high_20d,fixed,0.03,B,0,20,11.1,4.0,24.0,0,True
high_20d|3.00%|C5,high_20d,fixed,0.03,C5,5,20,21.6,9.0,39.0,0,False
high_20d|3.00%|C20,high_20d,fixed,0.03,C20,20,20,7.65,5.0,11.0,0,False
high_20d|4.00%|A,high_20d,fixed,0.04,A,0,20,4.15,2.0,8.0,0,False
high_20d|4.00%|B,high_20d,fixed,0.04,B,0,20,7.6,2.0,20.0,0,False
high_20d|4.00%|C5,high_20d,fixed,0.04,C5,5,20,15.55,3.0,34.0,0,False
high_20d|4.00%|C20,high_20d,fixed,0.04,C20,20,20,5.85,2.0,10.0,0,False
high_20d|5.00%|A,high_20d,fixed,0.05,A,0,20,3.2,0.0,8.0,1,False
high_20d|5.00%|B,high_20d,fixed,0.05,B,0,20,5.45,1.0,17.0,0,False
high_20d|5.00%|C5,high_20d,fixed,0.05,C5,5,20,12.05,1.0,33.0,0,False
high_20d|5.00%|C20,high_20d,fixed,0.05,C20,20,20,4.65,1.0,11.0,0,False
high_20d|1xvol|A,high_20d,vol,1.0,A,0,20,11.6,7.0,18.0,0,True
high_20d|1xvol|B,high_20d,vol,1.0,B,0,20,33.5,24.0,48.0,0,False
high_20d|1xvol|C5,high_20d,vol,1.0,C5,5,20,39.25,30.0,45.0,0,False
high_20d|1xvol|C20,high_20d,vol,1.0,C20,20,20,11.55,10.0,13.0,0,True
high_20d|1.5xvol|A,high_20d,vol,1.5,A,0,20,9.65,6.0,15.0,0,True
high_20d|1.5xvol|B,high_20d,vol,1.5,B,0,20,24.8,17.0,35.0,0,False
high_20d|1.5xvol|C5,high_20d,vol,1.5,C5,5,20,34.55,27.0,41.0,0,False
high_20d|1.5xvol|C20,high_20d,vol,1.5,C20,20,20,10.9,9.0,12.0,0,True
high_20d|2xvol|A,high_20d,vol,2.0,A,0,20,8.2,5.0,15.0,0,True
high_20d|2xvol|B,high_20d,vol,2.0,B,0,20,19.8,13.0,29.0,0,False
high_20d|2xvol|C5,high_20d,vol,2.0,C5,5,20,30.75,23.0,39.0,0,False
high_20d|2xvol|C20,high_20d,vol,2.0,C20,20,20,10.35,8.0,12.0,0,True
high_20d|2.5xvol|A,high_20d,vol,2.5,A,0,20,6.7,4.0,10.0,0,False
high_20d|2.5xvol|B,high_20d,vol,2.5,B,0,20,15.45,10.0,22.0,0,False
high_20d|2.5xvol|C5,high_20d,vol,2.5,C5,5,20,25.6,18.0,36.0,0,False
high_20d|2.5xvol|C20,high_20d,vol,2.5,C20,20,20,9.15,7.0,11.0,0,True
high_20d|3xvol|A,high_20d,vol,3.0,A,0,20,5.65,4.0,8.0,0,False
high_20d|3xvol|B,high_20d,vol,3.0,B,0,20,12.65,9.0,17.0,0,False
high_20d|3xvol|C5,high_20d,vol,3.0,C5,5,20,22.15,14.0,34.0,0,False
high_20d|3xvol|C20,high_20d,vol,3.0,C20,20,20,8.25,6.0,11.0,0,True
high_50d|0.50%|A,high_50d,fixed,0.005,A,0,19,9.684,3.0,18.0,0,True
high_50d|0.50%|B,high_50d,fixed,0.005,B,0,19,30.526,15.0,52.0,0,False
high_50d|0.50%|C5,high_50d,fixed,0.005,C5,5,19,45.211,36.0,50.0,0,False
high_50d|0.50%|C20,high_50d,fixed,0.005,C20,20,19,12.316,11.0,13.0,0,False
high_50d|0.75%|A,high_50d,fixed,0.008,A,0,19,8.263,3.0,16.0,0,True
high_50d|0.75%|B,high_50d,fixed,0.008,B,0,19,23.737,13.0,39.0,0,False
high_50d|0.75%|C5,high_50d,fixed,0.008,C5,5,19,43.211,32.0,50.0,0,False
high_50d|0.75%|C20,high_50d,fixed,0.008,C20,20,19,11.947,10.0,13.0,0,True
high_50d|1.00%|A,high_50d,fixed,0.01,A,0,19,7.316,3.0,14.0,0,False
high_50d|1.00%|B,high_50d,fixed,0.01,B,0,19,19.526,11.0,32.0,0,False
high_50d|1.00%|C5,high_50d,fixed,0.01,C5,5,19,41.526,30.0,50.0,0,False
high_50d|1.00%|C20,high_50d,fixed,0.01,C20,20,19,11.789,9.0,13.0,0,True
high_50d|1.25%|A,high_50d,fixed,0.012,A,0,19,6.263,3.0,10.0,0,False
high_50d|1.25%|B,high_50d,fixed,0.012,B,0,19,16.474,10.0,28.0,0,False
high_50d|1.25%|C5,high_50d,fixed,0.012,C5,5,19,39.368,26.0,50.0,0,False
high_50d|1.25%|C20,high_50d,fixed,0.012,C20,20,19,11.421,8.0,12.0,0,True
high_50d|1.50%|A,high_50d,fixed,0.015,A,0,19,5.421,3.0,8.0,0,False
high_50d|1.50%|B,high_50d,fixed,0.015,B,0,19,14.105,8.0,26.0,0,False
high_50d|1.50%|C5,high_50d,fixed,0.015,C5,5,19,37.368,22.0,50.0,0,False
high_50d|1.50%|C20,high_50d,fixed,0.015,C20,20,19,11.0,7.0,12.0,0,True
high_50d|2.00%|A,high_50d,fixed,0.02,A,0,19,4.316,2.0,8.0,0,False
high_50d|2.00%|B,high_50d,fixed,0.02,B,0,19,10.526,6.0,20.0,0,True
high_50d|2.00%|C5,high_50d,fixed,0.02,C5,5,19,33.947,15.0,49.0,0,False
high_50d|2.00%|C20,high_50d,fixed,0.02,C20,20,19,10.053,6.0,12.0,0,True
high_50d|2.50%|A,high_50d,fixed,0.025,A,0,19,3.789,2.0,7.0,0,False
high_50d|2.50%|B,high_50d,fixed,0.025,B,0,19,8.632,5.0,17.0,0,True
high_50d|2.50%|C5,high_50d,fixed,0.025,C5,5,19,31.105,13.0,49.0,0,False
high_50d|2.50%|C20,high_50d,fixed,0.025,C20,20,19,9.526,6.0,12.0,0,True
high_50d|3.00%|A,high_50d,fixed,0.03,A,0,19,3.368,2.0,5.0,0,False
high_50d|3.00%|B,high_50d,fixed,0.03,B,0,19,7.263,3.0,14.0,0,False
high_50d|3.00%|C5,high_50d,fixed,0.03,C5,5,19,28.105,9.0,46.0,0,False
high_50d|3.00%|C20,high_50d,fixed,0.03,C20,20,19,8.737,5.0,12.0,0,True
high_50d|4.00%|A,high_50d,fixed,0.04,A,0,19,2.526,1.0,5.0,0,False
high_50d|4.00%|B,high_50d,fixed,0.04,B,0,19,5.211,2.0,11.0,0,False
high_50d|4.00%|C5,high_50d,fixed,0.04,C5,5,19,22.316,6.0,45.0,0,False
high_50d|4.00%|C20,high_50d,fixed,0.04,C20,20,19,7.316,4.0,12.0,0,False
high_50d|5.00%|A,high_50d,fixed,0.05,A,0,19,2.0,0.0,5.0,1,False
high_50d|5.00%|B,high_50d,fixed,0.05,B,0,19,4.053,1.0,11.0,0,False
high_50d|5.00%|C5,high_50d,fixed,0.05,C5,5,19,18.0,3.0,43.0,0,False
high_50d|5.00%|C20,high_50d,fixed,0.05,C20,20,19,6.158,3.0,11.0,0,False
high_50d|1xvol|A,high_50d,vol,1.0,A,0,19,7.947,3.0,15.0,0,False
high_50d|1xvol|B,high_50d,vol,1.0,B,0,19,23.211,12.0,46.0,0,False
high_50d|1xvol|C5,high_50d,vol,1.0,C5,5,19,42.579,32.0,50.0,0,False
high_50d|1xvol|C20,high_50d,vol,1.0,C20,20,19,11.947,10.0,13.0,0,True
high_50d|1.5xvol|A,high_50d,vol,1.5,A,0,19,6.526,3.0,14.0,0,False
high_50d|1.5xvol|B,high_50d,vol,1.5,B,0,19,17.263,10.0,34.0,0,False
high_50d|1.5xvol|C5,high_50d,vol,1.5,C5,5,19,39.632,28.0,48.0,0,False
high_50d|1.5xvol|C20,high_50d,vol,1.5,C20,20,19,11.474,10.0,13.0,0,True
high_50d|2xvol|A,high_50d,vol,2.0,A,0,19,5.789,3.0,14.0,0,False
high_50d|2xvol|B,high_50d,vol,2.0,B,0,19,14.211,9.0,28.0,0,False
high_50d|2xvol|C5,high_50d,vol,2.0,C5,5,19,37.158,26.0,48.0,0,False
high_50d|2xvol|C20,high_50d,vol,2.0,C20,20,19,11.053,8.0,13.0,0,True
high_50d|2.5xvol|A,high_50d,vol,2.5,A,0,19,4.684,2.0,9.0,0,False
high_50d|2.5xvol|B,high_50d,vol,2.5,B,0,19,11.053,7.0,17.0,0,True
high_50d|2.5xvol|C5,high_50d,vol,2.5,C5,5,19,33.526,19.0,47.0,0,False
high_50d|2.5xvol|C20,high_50d,vol,2.5,C20,20,19,10.263,7.0,12.0,0,True
high_50d|3xvol|A,high_50d,vol,3.0,A,0,19,3.789,2.0,7.0,0,False
high_50d|3xvol|B,high_50d,vol,3.0,B,0,19,9.316,6.0,14.0,0,True
high_50d|3xvol|C5,high_50d,vol,3.0,C5,5,19,30.263,14.0,43.0,0,False
high_50d|3xvol|C20,high_50d,vol,3.0,C20,20,19,9.368,7.0,11.0,0,True
